{
  "rewrites": [
    {
      "source": "/(.*)",
      "destination": "/index.html"
    }
  ],
  "headers": [
    {
      "source": "/index.html",
      "headers": [
        {
          "key": "Cache-Control",
          "value": "no-cache, no-store, must-revalidate"
        }
      ]
    },
    {
      "source": "/static/(.*)",
      "headers": [
        {
          "key": "Cache-Control",
          "value": "public, max-age=31536000, immutable"
        }
      ]
    }
  ]
}
